year,China,Italy,Japan,Spain,United_States
2013,0.205393034,0.772200027,0.049805801,0.054925654,0.164525751
2014,0.268977884,0.796026203,0.115152147,0.078569408,0.182168626
2015,0.28915977,0.79664407,0.214060191,0.110113968,0.202656993
2016,0.322094841,0.795971746,0.395859978,0.149516825,0.222860708
2017,0.338056818,0.794106681,0.627718299,0.181142299,0.242985614
